<?xml version="1.0" encoding="UTF-8"?>

<beans xmlns="http://www.springframework.org/schema/beans" 
       xmlns:xsi="http://www.w3.org/2001/XMLSchema-instance" 
	   xmlns:camel="http://camel.apache.org/schema/spring"
	   xmlns:context="http://www.springframework.org/schema/context"
       xsi:schemaLocation="
				http://www.springframework.org/schema/beans 
				http://www.springframework.org/schema/beans/spring-beans-3.0.xsd
				http://camel.apache.org/schema/spring
				http://camel.apache.org/schema/spring/camel-spring.xsd">
	   
	   

	<bean name="dataIo" class="nf.co.korshyadoo.dataIo.XmlFileIo">
		<constructor-arg value="${xmlFileLocation}" />
	</bean>

	
	<!--
	<bean name="dataIo" class="nf.co.korshyadoo.dataIo.MySqlDataIo">
		<constructor-arg value="${database}" />
		<constructor-arg value="${databaseHost}" />
		<constructor-arg value="${databaseUsername}" />
		<constructor-arg value="${databasePassword}" />
	</bean>
	-->
	
	<!--
	<bean name="dataIo" class="nf.co.korshyadoo.dataIo.MySqlDataIo">
		<property name="database" value="${database}" />
		<property name="databaseHost" value="${databaseHost}" />
		<property name="databaseUsername" value="${databaseUsername}" />
		<property name="databasePassword" value="${databasePassword}" />
	</bean>
	-->
	
	<bean id="placeholderConfig" class="org.springframework.beans.factory.config.PropertyPlaceholderConfigurer">
		<property name="locations">
			<list>
				<value>classpath:properties.properties</value>
				<value>classpath:MySqlConnection.properties</value>
			</list>
		</property>
	</bean>
	<!--
	<bean id="placeholderConfig2" class="org.springframework.beans.factory.config.PropertyPlaceholderConfigurer">
		<property name="location" value="classpath:MySQLConnection.properties" />
	</bean>
	-->
</beans>